{"cameraMode":{"drawMode":0,"name":"Shaded","section":"Shading Mode"},"sceneLighting":false,"audioPlay":false,"sceneViewState":{"showFog":true,"showMaterialUpdate":true,"showSkybox":false,"showFlares":true,"showImageEffects":true,"showParticleSystems":true},"in2DMode":false,"pivot":{"x":0.0,"y":1.188499927520752,"z":-0.5540000200271606},"rotation":{"x":-0.037649817764759067,"y":-0.08922064304351807,"z":0.003375019645318389,"w":-0.9953056573867798},"size":4.563713073730469,"orthographic":false}