{"cameraMode":{"drawMode":0,"name":"Shaded","section":"Shading Mode"},"sceneLighting":true,"audioPlay":false,"sceneViewState":{"showFog":true,"showMaterialUpdate":true,"showSkybox":true,"showFlares":true,"showImageEffects":true,"showParticleSystems":true},"in2DMode":false,"pivot":{"x":-0.5818355083465576,"y":2.322537660598755,"z":-3.9664289951324465},"rotation":{"x":-0.20351795852184297,"y":-0.08886238187551499,"z":0.018552200868725778,"w":-0.9748648405075073},"size":4.143153190612793,"orthographic":false}